GUGUN,치안율18
북구,78.22445561139028
중구,82.32044198895028
남구,84.73188702415064
동구,81.61284300914691
울주군,81.60208401172257
